{"cameraMode":{"drawMode":0,"name":"Shaded","section":"Shading Mode"},"sceneLighting":true,"audioPlay":false,"sceneViewState":{"showFog":true,"showMaterialUpdate":false,"showSkybox":true,"showFlares":true,"showImageEffects":true,"showParticleSystems":true},"in2DMode":false,"pivot":{"x":12.01884651184082,"y":-4.442522048950195,"z":15.660234451293946},"rotation":{"x":-0.17162472009658814,"y":-0.8253437876701355,"z":0.41749414801597597,"w":-0.3392849266529083},"size":36.96540451049805,"orthographic":false}